Top queries,Clicks,Impressions,CTR,Position
tech horizon labs,16,40,40%,1.07
tech horizon,2,60,3.33%,12.5
tech horizons,2,12,16.67%,29.33
coast tech labs,1,37,2.7%,7.35
techhorizon,1,31,3.23%,20.29
ai business training sunshine coast,0,234,0%,8.56
ai workshop,0,110,0%,81.69
ai agency brisbane,0,82,0%,57.39
horizon labs,0,72,0%,18.94
ai consultant brisbane,0,64,0%,62.81
ai advisory services brisbane,0,60,0%,67.6
ai consultancy brisbane,0,59,0%,73.41
ai consulting firms brisbane,0,56,0%,56.98
artificial intelligence brisbane,0,33,0%,86.55
ai ranking brisbane,0,32,0%,52.19
ai assisted services brisbane,0,32,0%,62.59
ai brisbane,0,31,0%,84.29
bespoke ai tool for lawyers,0,24,0%,66
ai workshops,0,24,0%,80.83
technology advisory sunshine coast,0,22,0%,37.18
ai web development brisbane,0,22,0%,77.95
ai consulting brisbane,0,21,0%,49.71
custom ai for legal teams,0,21,0%,71.76
artificial intelligence company brisbane,0,20,0%,49.5
horizon labs ai,0,18,0%,44.28
ai agency near me,0,15,0%,60.6
ai consultants brisbane,0,15,0%,72.33
ai optimisation brisbane,0,13,0%,76.77
ai consultant sunshine coast,0,11,0%,46.73
ai development company brisbane,0,11,0%,57.82
ai visibility brisbane,0,11,0%,79.73
artificial intelligence workshop,0,11,0%,85.18
ai advisory brisbane,0,10,0%,57.3
ai agents academy,0,10,0%,66.5
ai company near me,0,10,0%,82.8
ai for law firms,0,9,0%,69.56
artificial intelligence law firm,0,8,0%,89.25
tech labs,0,7,0%,12.86
ai for law firms australia,0,7,0%,83.29
ai solutions brisbane,0,7,0%,87
it consulting sunshine coast,0,6,0%,1
lab technician course,0,5,0%,5.8
ai starter kit,0,5,0%,43.2
techhorizon solutions it consulting,0,5,0%,52.6
true horizon ai,0,5,0%,74.2
ai courses brisbane,0,5,0%,75.2
ai marketing agency brisbane,0,5,0%,92
lab tech,0,4,0%,7.5
"""untapped productivity"" ai 2025 survey or report consulting",0,4,0%,8.5
ai consultant for automation in legal,0,4,0%,60
ai agent academy,0,4,0%,62.75
ai search brisbane,0,4,0%,72.75
business automation brisbane,0,4,0%,76.5
ai training brisbane,0,4,0%,78
ai automation brisbane,0,4,0%,82.5
legal document automation ai,0,4,0%,84.75
automated legal forms,0,4,0%,93.25
"for a brisbane manufacturing sme, we need decision support dashboards 
powered by ai models that connect to on prem sql servers. which 
consultancies offer end to end ai operations consulting and ongoing support?",0,3,0%,9
technical support,0,3,0%,10
horizon labs singapore,0,3,0%,18.67
trillet ai receptionist,0,3,0%,20.67
ai tools starter pack,0,3,0%,30.33
ai consulting company brisbane,0,3,0%,36.33
horizon lab,0,3,0%,40.67
tech-labs,0,3,0%,52.33
deep learning brisbane,0,3,0%,71
machine learning solutions brisbane,0,3,0%,71
ai consulting for small business australia,0,3,0%,93.67
computer lab near me,0,2,0%,1
horizon technologies,0,2,0%,1.5
lab,0,2,0%,2.5
lab tech training,0,2,0%,3
computer lab,0,2,0%,4
horizonlabs,0,2,0%,4.5
it support,0,2,0%,4.5
labs,0,2,0%,4.5
"""agent opus"" -site:reddit.com -site:twitter.com -site:x.com -site:wykop.pl 
-site:tripadvisor.com -site:youtube.com -site:yelp.com -site:booking.com 
-site:facebook.com -site:instagram.com -site:tiktok.com",0,2,0%,6
horizon technology,0,2,0%,6
home wifi installation service,0,2,0%,9
digital horizon labs inc,0,2,0%,12
ai growth academy,0,2,0%,25.5
horaizon labs team,0,2,0%,34.5
cluely wiki,0,2,0%,35.5
patient zero brisbane,0,2,0%,44
horaizon labs,0,2,0%,47.5
technology labs,0,2,0%,54.5
chatgpt consulting australia,0,2,0%,55
machine learning development brisbane,0,2,0%,73.5
enterprise legal ai,0,2,0%,80
customer automation tool for law firm,0,2,0%,82.5
ai consulting for business australia,0,2,0%,89
ai marketing brisbane,0,2,0%,98.5
24 hour tech support,0,1,0%,1
computer service near me,0,1,0%,1
tech lab,0,1,0%,1
tech open,0,1,0%,1
24 hour computer lab,0,1,0%,2
horizon gympie,0,1,0%,2
horizons lab,0,1,0%,2
tech compnay,0,1,0%,2
tech places,0,1,0%,2
i tech,0,1,0%,3
information technology companies,0,1,0%,3
tech horizon corporation,0,1,0%,3
effet web central ai growth hub comparison,0,1,0%,4
sme horizon,0,1,0%,6
software,0,1,0%,6
tech companies,0,1,0%,7
info tech,0,1,0%,8
it company sunshine coast,0,1,0%,8
huxley peckham,0,1,0%,9
recovery near me,0,1,0%,10
tech lab totk,0,1,0%,12
big tech companies,0,1,0%,14
techie horizon,0,1,0%,14
queensland ai meetup,0,1,0%,17
glean implementation brisbane,0,1,0%,19
managed it services sunshine coast,0,1,0%,21
trillet ai pricing,0,1,0%,23
how to move from chatgpt to claude,0,1,0%,24
sunshine coast ai,0,1,0%,34
legal automation consultant,0,1,0%,45
how to migrate chatgpt history to claude,0,1,0%,48
aigrowthhub,0,1,0%,49
tech horizon institute,0,1,0%,49
technology store near me,0,1,0%,50
"""hello * com"" -india in inurl:contact",0,1,0%,54
business intelligence brisbane,0,1,0%,60
horizon tech ai,0,1,0%,60
horizons ai,0,1,0%,63
artificial intelligence resources,0,1,0%,66
brisbane based innovation agencies,0,1,0%,69
document automation for lawyers,0,1,0%,69
ai for law firm,0,1,0%,72
artificial intelligence labs,0,1,0%,74
huxley ai,0,1,0%,76
ai software development brisbane,0,1,0%,78
learn ai agents,0,1,0%,78
law firm-client collaboration ai,0,1,0%,81
law firm ai,0,1,0%,83
brisbane ai agents for business,0,1,0%,85
horizon ai,0,1,0%,87
ai software for law firms,0,1,0%,90
technology horizon,0,1,0%,92
ai law firm,0,1,0%,97
ai copywriting brisbane,0,1,0%,98
ai development kits,0,1,0%,99
ai for law firm scale,0,1,0%,99
ai client intake for lawyers,0,1,0%,100
ai consultants australia,0,1,0%,100