Linking page,Last crawled
https://paddockmap.com.au/listing/queen-victoria-market,2026-04-15
https://paddockmap.com.au/listing/tommerup-s-dairy-farm,2026-04-15
https://paddockmap.com.au/privacy,2026-04-15
https://wavecrm.com.au/event/01KH56H88HDRAGJKVENSFAHQ7P,2026-04-15
https://www.reddit.com/r/Australianbusiness/comments/1ribvjs/australian_businesses_only_drop_what_you_are/,2026-04-13
https://seo.semdash.com/website-overview/techhorizonlabs.com,2026-04-10
https://paddockmap.com.au/listing/crumbles-bakehouse-mnh9fao2,2026-04-08
https://paddockmap.com.au/find/produce/mushrooms,2026-04-05
https://paddockmap.com.au/listing/rusty-s-markets,2026-04-01
https://paddockmap.com.au/local-food/qld/brisbane-city,2026-04-01
https://paddockmap.com.au/local-food/qld/mapleton,2026-04-01
https://paddockmap.com.au/find/food-coops,2026-03-31
https://paddockmap.com.au/listing/jacob-s-creek-visitor-centre,2026-03-31
https://paddockmap.com.au/local-food/qld/west-end,2026-03-31
https://paddockmap.com.au/local-food/sa/rowland-flat,2026-03-31
https://paddockmap.com.au/local-food/vic/melbourne,2026-03-31
https://paddockmap.com.au/,2026-03-30
https://www.eventbrite.de/o/104480995991,2026-03-02
https://www.eventbrite.com.mx/o/104480995991,2026-02-25
https://www.eventbrite.co.uk/o/tech-horizon-labs-104480995991,2026-02-24
https://www.eventbrite.fr/o/104480995991,2026-02-24
https://www.scamadviser.com/check-website-old/techhorizonlabs.com,2026-01-26
https://my.linkedin.com/pulse/smart-startups-guide-ai-innovation-build-better-move-peckham--pplfc?tl=ms,2026-01-21
https://ae.linkedin.com/pulse/smart-startups-guide-ai-innovation-build-better-move-peckham--pplfc?tl=ar,2026-01-20
https://pt.linkedin.com/pulse/smart-startups-guide-ai-innovation-build-better-move-peckham--pplfc?tl=pt,2026-01-20
https://no.linkedin.com/pulse/smart-startups-guide-ai-innovation-build-better-move-peckham--pplfc?tl=no,2026-01-14
https://ro.linkedin.com/pulse/smart-startups-guide-ai-innovation-build-better-move-peckham--pplfc?tl=ro,2026-01-14
https://nl.linkedin.com/pulse/smart-startups-guide-ai-innovation-build-better-move-peckham--pplfc?tl=nl,2026-01-13
https://jp.linkedin.com/pulse/smart-startups-guide-ai-innovation-build-better-move-peckham--pplfc?tl=ja,2026-01-08
https://linktr.ee/huxleyp,2025-12-12
"https://www.goodfirms.co/artificial-intelligence?hss_channel=fbp-687194624745812utm_campaign%3DGoodFirms 
Blogsutm_content%3D158872449&utm_medium=social&utm_source=facebook&page=25",2025-12-11
https://de.linkedin.com/pulse/smart-startups-guide-ai-innovation-build-better-move-peckham--pplfc?tl=de,2025-11-30
https://dk.linkedin.com/pulse/smart-startups-guide-ai-innovation-build-better-move-peckham--pplfc?tl=da,2025-11-12
https://fr.linkedin.com/pulse/smart-startups-guide-ai-innovation-build-better-move-peckham--pplfc?tl=fr,2025-11-08
https://www.eventbrite.com/o/tech-horizon-labs-104480995991,2025-10-23
https://www.goodfirms.co/artificial-intelligence/australia,2025-10-14
https://www.linkedin.com/posts/huxley-peckham_is-your-ai-system-setup-with-security-in-activity-7364478019509374978-juDE,2025-09-01
https://www.eventbrite.de/o/tech-horizon-labs-104480995991,2025-08-19
https://events.humanitix.com/chatgpt-workshop-business-sunshine-coast,2025-07-27
https://events.humanitix.com/host/tech-horizon-labs,2025-07-27
https://chatgpt.com/g/g-686741a5becc8191a17ff9ddc8eab76f-lyra-the-prompt-engineer,2025-07-20
https://dfsolutions.tech/,2025-07-13
https://www.goodfirms.co/company/tech-horizon-labs,2025-05-31
https://syncthetime.com/,2025-04-18
https://www.linkedin.com/pulse/smart-startups-guide-ai-innovation-build-better-move-peckham--pplfc,2024-11-27
https://www.linkedin.com/pulse/intuit-assist-vs-just-ask-xero-ai-revolution-small-huxley-peckham--efqfc,2024-09-06